[{"model": "auth.permission", "pk": 1, "fields": {"name": "Can add log entry", "content_type": 1, "codename": "add_logentry"}}, {"model": "auth.permission", "pk": 2, "fields": {"name": "Can change log entry", "content_type": 1, "codename": "change_logentry"}}, {"model": "auth.permission", "pk": 3, "fields": {"name": "Can delete log entry", "content_type": 1, "codename": "delete_logentry"}}, {"model": "auth.permission", "pk": 4, "fields": {"name": "Can view log entry", "content_type": 1, "codename": "view_logentry"}}, {"model": "auth.permission", "pk": 5, "fields": {"name": "Can add permission", "content_type": 2, "codename": "add_permission"}}, {"model": "auth.permission", "pk": 6, "fields": {"name": "Can change permission", "content_type": 2, "codename": "change_permission"}}, {"model": "auth.permission", "pk": 7, "fields": {"name": "Can delete permission", "content_type": 2, "codename": "delete_permission"}}, {"model": "auth.permission", "pk": 8, "fields": {"name": "Can view permission", "content_type": 2, "codename": "view_permission"}}, {"model": "auth.permission", "pk": 9, "fields": {"name": "Can add group", "content_type": 3, "codename": "add_group"}}, {"model": "auth.permission", "pk": 10, "fields": {"name": "Can change group", "content_type": 3, "codename": "change_group"}}, {"model": "auth.permission", "pk": 11, "fields": {"name": "Can delete group", "content_type": 3, "codename": "delete_group"}}, {"model": "auth.permission", "pk": 12, "fields": {"name": "Can view group", "content_type": 3, "codename": "view_group"}}, {"model": "auth.permission", "pk": 13, "fields": {"name": "Can add user", "content_type": 4, "codename": "add_user"}}, {"model": "auth.permission", "pk": 14, "fields": {"name": "Can change user", "content_type": 4, "codename": "change_user"}}, {"model": "auth.permission", "pk": 15, "fields": {"name": "Can delete user", "content_type": 4, "codename": "delete_user"}}, {"model": "auth.permission", "pk": 16, "fields": {"name": "Can view user", "content_type": 4, "codename": "view_user"}}, {"model": "auth.permission", "pk": 17, "fields": {"name": "Can add content type", "content_type": 5, "codename": "add_contenttype"}}, {"model": "auth.permission", "pk": 18, "fields": {"name": "Can change content type", "content_type": 5, "codename": "change_contenttype"}}, {"model": "auth.permission", "pk": 19, "fields": {"name": "Can delete content type", "content_type": 5, "codename": "delete_contenttype"}}, {"model": "auth.permission", "pk": 20, "fields": {"name": "Can view content type", "content_type": 5, "codename": "view_contenttype"}}, {"model": "auth.permission", "pk": 21, "fields": {"name": "Can add session", "content_type": 6, "codename": "add_session"}}, {"model": "auth.permission", "pk": 22, "fields": {"name": "Can change session", "content_type": 6, "codename": "change_session"}}, {"model": "auth.permission", "pk": 23, "fields": {"name": "Can delete session", "content_type": 6, "codename": "delete_session"}}, {"model": "auth.permission", "pk": 24, "fields": {"name": "Can view session", "content_type": 6, "codename": "view_session"}}, {"model": "auth.permission", "pk": 25, "fields": {"name": "Can add category", "content_type": 7, "codename": "add_category"}}, {"model": "auth.permission", "pk": 26, "fields": {"name": "Can change category", "content_type": 7, "codename": "change_category"}}, {"model": "auth.permission", "pk": 27, "fields": {"name": "Can delete category", "content_type": 7, "codename": "delete_category"}}, {"model": "auth.permission", "pk": 28, "fields": {"name": "Can view category", "content_type": 7, "codename": "view_category"}}, {"model": "auth.permission", "pk": 29, "fields": {"name": "Can add tag", "content_type": 8, "codename": "add_tag"}}, {"model": "auth.permission", "pk": 30, "fields": {"name": "Can change tag", "content_type": 8, "codename": "change_tag"}}, {"model": "auth.permission", "pk": 31, "fields": {"name": "Can delete tag", "content_type": 8, "codename": "delete_tag"}}, {"model": "auth.permission", "pk": 32, "fields": {"name": "Can view tag", "content_type": 8, "codename": "view_tag"}}, {"model": "auth.permission", "pk": 33, "fields": {"name": "Can add post", "content_type": 9, "codename": "add_post"}}, {"model": "auth.permission", "pk": 34, "fields": {"name": "Can change post", "content_type": 9, "codename": "change_post"}}, {"model": "auth.permission", "pk": 35, "fields": {"name": "Can delete post", "content_type": 9, "codename": "delete_post"}}, {"model": "auth.permission", "pk": 36, "fields": {"name": "Can view post", "content_type": 9, "codename": "view_post"}}, {"model": "auth.user", "pk": 1, "fields": {"password": "pbkdf2_sha256$720000$Hmjfr9vTCaTKYDXLYHGcyJ$/Rxo/5ObXXny9rCem5Yp3WZOnDjpzgKwHIdXmLJgExs=", "last_login": "2024-05-30T07:47:27.223Z", "is_superuser": true, "username": "sergey", "first_name": "Sergey", "last_name": "Kuzmich", "email": "me@kuzmi.ch", "is_staff": true, "is_active": true, "date_joined": "2024-05-30T07:30:58Z", "groups": [], "user_permissions": []}}, {"model": "auth.user", "pk": 2, "fields": {"password": "pbkdf2_sha256$720000$m1v086S304mgOMGUH827WY$MKmtvMYSBQGJU7N1opgsw+B55unLSTzWcYr2VfaAjhU=", "last_login": null, "is_superuser": false, "username": "bob", "first_name": "Bob", "last_name": "Robot", "email": "bob@captcha.co", "is_staff": false, "is_active": true, "date_joined": "2024-05-30T07:32:11Z", "groups": [], "user_permissions": []}}, {"model": "auth.user", "pk": 3, "fields": {"password": "pbkdf2_sha256$720000$zSMpDTQ84pCpyO1n7TzOkS$pTiYdR0XUeOKj6LXd9ZlXD54Vu0aY79hFK9vIFixkSw=", "last_login": null, "is_superuser": false, "username": "alice", "first_name": "Alice", "last_name": "Prince", "email": "alice@mail.com", "is_staff": false, "is_active": true, "date_joined": "2024-05-30T07:32:18Z", "groups": [], "user_permissions": []}}, {"model": "auth.user", "pk": 4, "fields": {"password": "pbkdf2_sha256$720000$Qir6vHUXLp9kO1TR26CtvV$pvdZAWLRIgQXiu2HYfHZEnUhK6QDTZH/ISNQV0X5U24=", "last_login": null, "is_superuser": false, "username": "billgates", "first_name": "Bill", "last_name": "Gates", "email": "bill@microsoft.com", "is_staff": false, "is_active": true, "date_joined": "2024-05-30T07:32:26Z", "groups": [], "user_permissions": []}}, {"model": "auth.user", "pk": 5, "fields": {"password": "pbkdf2_sha256$720000$9nvp2RP2B3nwFoDxvYBZgT$hYzR7e4fVE4Of2YfXxu9HOxju9Kz55dNIT5ksnLHlUI=", "last_login": null, "is_superuser": true, "username": "johndoe", "first_name": "John", "last_name": "Doe", "email": "jd@cv.me", "is_staff": true, "is_active": true, "date_joined": "2024-05-30T07:32:36Z", "groups": [], "user_permissions": []}}, {"model": "contenttypes.contenttype", "pk": 1, "fields": {"app_label": "admin", "model": "logentry"}}, {"model": "contenttypes.contenttype", "pk": 2, "fields": {"app_label": "auth", "model": "permission"}}, {"model": "contenttypes.contenttype", "pk": 3, "fields": {"app_label": "auth", "model": "group"}}, {"model": "contenttypes.contenttype", "pk": 4, "fields": {"app_label": "auth", "model": "user"}}, {"model": "contenttypes.contenttype", "pk": 5, "fields": {"app_label": "contenttypes", "model": "contenttype"}}, {"model": "contenttypes.contenttype", "pk": 6, "fields": {"app_label": "sessions", "model": "session"}}, {"model": "contenttypes.contenttype", "pk": 7, "fields": {"app_label": "blog", "model": "category"}}, {"model": "contenttypes.contenttype", "pk": 8, "fields": {"app_label": "blog", "model": "tag"}}, {"model": "contenttypes.contenttype", "pk": 9, "fields": {"app_label": "blog", "model": "post"}}, {"model": "blog.post", "pk": 1, "fields": {"title": "Tincidunt Ante Vel", "content": "Integer #pede justo, lacinia eget, tincidunt eget, #tempus vel, #pede. Morbi porttitor lorem id ligula. Suspendisse ornare consequat lectus. In est risus, auctor sed, tristique in, #tempus sit amet, sem. Fusce consequat. Nulla nisl. Nunc nisl. Duis bibendum, felis sed interdum venenatis, #turpis enim blandit mi, in porttitor #pede justo eu #massa. Donec #dapibus. Duis at velit eu est congue elementum.", "created_at": "2023-08-07T03:20:56.873Z", "author": 4, "category": 12, "views": 16, "tags": [1, 2, 3, 4, 45]}}, {"model": "blog.post", "pk": 2, "fields": {"title": "Vestibulum Rutrum Rutrum Neque Aenean", "content": "Nulla tellus. In sagittis dui vel nisl. Duis ac nibh. Fusce lacus purus, aliquet at, feugiat non, #PretiumQuis, lectus. Suspendisse potenti. In eleifend quam a odio. In hac habitasse platea dictumst. Maecenas ut #massa quis augue #luctus tincidunt. Nulla mollis molestie lorem. Quisque ut erat.", "created_at": "2023-07-25T19:13:03.116Z", "author": 2, "category": 6, "views": 12, "tags": [4, 5, 44]}}, {"model": "blog.post", "pk": 3, "fields": {"title": "Nec Nisi Volutpat Eleifend", "content": "Sed sagittis. Nam congue, risus semper porta volutpat, quam #pede lobortis ligula, sit amet eleifend #pede #LiberoQuis orci. Nullam molestie nibh in lectus. Pellentesque at nulla. Suspendisse potenti. Cras in purus eu magna vulputate luctus. Cum sociis natoque penatibus et magnis dis parturient montes, nascetur ridiculus mus. Vivamus vestibulum sagittis sapien. Cum sociis natoque penatibus et magnis dis parturient montes, nascetur ridiculus mus. Etiam vel augue. Vestibulum #rutrum rutrum #neque. Aenean auctor gravida sem. Praesent id #massa id nisl venenatis lacinia.", "created_at": "2023-08-08T04:53:52.553Z", "author": 4, "category": 7, "views": 6, "tags": [1, 4, 6, 42, 43]}}, {"model": "blog.post", "pk": 4, "fields": {"title": "Nulla Ultrices Aliquet Maecenas Leo Odio Condimentum", "content": "Vestibulum ante ipsum primis in faucibus orci luctus et ultrices posuere cubilia Curae; Nulla dapibus dolor vel est. Donec odio justo, sollicitudin ut, suscipit a, feugiat et, eros. Vestibulum ac est lacinia nisi venenatis tristique. Fusce congue, #diam id ornare #imperdiet, sapien urna pretium nisl, ut volutpat sapien arcu sed augue. Aliquam erat volutpat. In congue. Etiam justo. Etiam pretium iaculis justo.", "created_at": "2023-06-27T13:02:42.578Z", "author": 2, "category": 15, "views": 9, "tags": [7, 41]}}, {"model": "blog.post", "pk": 5, "fields": {"title": "Donec #Diam Neque Vestibulum Eget Vulputate Ut", "content": "Sed accumsan felis. Ut at dolor quis odio consequat varius. Integer ac leo. Pellentesque ultrices mattis odio. Donec vitae nisi. Nam ultrices, libero non mattis pulvinar, nulla #pede ullamcorper augue, a suscipit nulla elit ac nulla. Sed vel enim sit amet nunc #viverra dapibus. Nulla suscipit ligula in lacus.", "created_at": "2024-04-23T13:18:45.064Z", "author": 2, "category": 5, "views": 13, "tags": [1, 13]}}, {"model": "blog.post", "pk": 6, "fields": {"title": "Auctor Sed Tristique In #Tempus Sit Amet", "content": "Cum sociis natoque penatibus et magnis dis parturient montes, nascetur ridiculus mus. Etiam vel augue. Vestibulum rutrum rutrum neque. Aenean auctor #gravida sem. Praesent id #massa id nisl venenatis lacinia. Aenean sit amet justo. Morbi ut odio. Cras mi #pede, malesuada in, imperdiet et, commodo vulputate, justo.", "created_at": "2023-10-20T01:05:48.461Z", "author": 3, "category": 5, "views": 11, "tags": [1, 4, 40]}}, {"model": "blog.post", "pk": 7, "fields": {"title": "Magna Vulputate Luctus Cum", "content": "In sagittis dui vel nisl. Duis ac nibh. Fusce lacus purus, aliquet at, feugiat non, #PretiumQuis, lectus. Suspendisse potenti. In eleifend quam a odio. In hac habitasse platea dictumst. Maecenas ut #massa quis augue luctus tincidunt. Nulla mollis molestie lorem. Quisque ut erat. Curabitur gravida nisi at nibh. In hac habitasse platea #dictumst. Aliquam augue quam, sollicitudin vitae, consectetuer eget, rutrum at, lorem. Integer tincidunt ante vel ipsum.", "created_at": "2024-03-07T00:00:09.110Z", "author": 4, "category": 9, "views": 16, "tags": [4, 5, 39]}}, {"model": "blog.post", "pk": 8, "fields": {"title": "Et Magnis Dis Parturient Montes", "content": "In hac habitasse platea dictumst. Aliquam augue quam, sollicitudin vitae, consectetuer eget, rutrum at, lorem. Integer tincidunt ante vel #ipsum. Praesent #blandit lacinia erat. Vestibulum sed magna at nunc commodo placerat. Praesent blandit. Nam nulla. Integer #pede justo, lacinia eget, tincidunt eget, #tempus vel, #pede.", "created_at": "2023-06-01T00:50:39.257Z", "author": 5, "category": 5, "views": 9, "tags": [1, 2, 37, 38]}}, {"model": "blog.post", "pk": 9, "fields": {"title": "Semper Sapien A Libero Nam Dui Proin", "content": "Integer ac leo. Pellentesque ultrices mattis odio. Donec vitae nisi. Nam ultrices, #libero non mattis pulvinar, nulla #pede ullamcorper augue, a suscipit nulla elit ac #nulla. Sed vel enim sit amet nunc viverra dapibus. Nulla suscipit ligula in lacus. Curabitur at ipsum ac tellus semper interdum. Mauris ullamcorper purus sit amet nulla.", "created_at": "2023-08-29T01:37:23.775Z", "author": 5, "category": 1, "views": 12, "tags": [1, 10, 11]}}, {"model": "blog.post", "pk": 10, "fields": {"title": "Congue Vivamus Metus Arcu Adipiscing", "content": "Vivamus vestibulum sagittis sapien. Cum sociis natoque penatibus et magnis dis parturient montes, nascetur ridiculus mus. Etiam vel augue. Vestibulum rutrum rutrum neque. Aenean auctor gravida sem. Praesent id #massa id nisl #venenatis lacinia. Aenean sit amet justo. #Morbi ut odio. Cras mi #pede, malesuada in, imperdiet et, commodo vulputate, justo. In blandit ultrices enim. Lorem ipsum dolor sit amet, consectetuer adipiscing elit. Proin interdum mauris non ligula pellentesque ultrices. Phasellus id sapien in sapien iaculis congue. #Vivamus metus arcu, adipiscing molestie, hendrerit at, vulputate vitae, nisl. Aenean lectus.", "created_at": "2023-06-13T19:17:15.241Z", "author": 5, "category": 15, "views": 11, "tags": [1, 4, 34, 35, 36]}}, {"model": "blog.post", "pk": 11, "fields": {"title": "Vitae Quam Suspendisse Potenti Nullam Porttitor", "content": "Phasellus sit amet erat. Nulla #tempus. Vivamus in felis eu sapien cursus vestibulum. Proin eu mi. Nulla ac enim. In #tempor, #turpis nec euismod scelerisque, #QuamTurpis adipiscing lorem, vitae mattis nibh ligula nec sem. Duis aliquam convallis nunc. Proin at #turpis a #pede posuere nonummy. Integer non velit. Donec #diam neque, vestibulum eget, vulputate ut, ultrices vel, augue. Vestibulum ante ipsum primis in faucibus orci luctus et ultrices #posuere cubilia Curae; Donec pharetra, magna vestibulum aliquet ultrices, erat tortor sollicitudin mi, sit amet lobortis sapien sapien non mi. Integer ac neque. Duis bibendum. Morbi non quam nec dui luctus rutrum. Nulla tellus.", "created_at": "2023-09-21T11:38:07.393Z", "author": 2, "category": 13, "views": 14, "tags": [1, 2, 3, 7, 8, 27, 33]}}, {"model": "blog.post", "pk": 12, "fields": {"title": "Mattis Egestas Metus Aenean Fermentum Donec", "content": "Vivamus tortor. Duis mattis egestas metus. Aenean #fermentum. Donec ut mauris eget #massa tempor convallis. Nulla neque libero, convallis eget, eleifend luctus, ultricies eu, nibh. Quisque id justo sit amet sapien dignissim vestibulum. Vestibulum ante ipsum primis in faucibus orci luctus et ultrices posuere cubilia Curae; Nulla dapibus #dolor vel est. Donec odio justo, sollicitudin ut, suscipit a, feugiat et, eros. Vestibulum ac est lacinia nisi venenatis tristique. Fusce congue, #diam id ornare imperdiet, sapien urna pretium nisl, ut volutpat sapien arcu sed augue. Aliquam erat volutpat. In congue. Etiam justo. Etiam pretium iaculis justo. In hac habitasse platea dictumst.", "created_at": "2024-02-27T21:30:40.473Z", "author": 3, "category": 2, "views": 15, "tags": [4, 7, 21, 32]}}, {"model": "blog.post", "pk": 13, "fields": {"title": "Montes Nascetur Ridiculus Mus Etiam Vel Augue", "content": "In tempor, #turpis nec euismod scelerisque, #QuamTurpis adipiscing lorem, vitae mattis nibh ligula nec sem. Duis aliquam convallis nunc. Proin at #turpis a #pede posuere nonummy. Integer non velit. Donec #diam neque, vestibulum eget, vulputate ut, ultrices vel, augue. #Vestibulum ante ipsum primis in faucibus orci luctus et ultrices posuere cubilia Curae; Donec pharetra, magna vestibulum aliquet ultrices, erat tortor sollicitudin mi, sit amet lobortis sapien sapien non mi. Integer ac neque. Duis bibendum. Morbi non #quam nec dui luctus rutrum. Nulla tellus. In sagittis dui vel nisl. Duis ac nibh. Fusce lacus purus, aliquet at, feugiat non, #PretiumQuis, lectus. Suspendisse potenti.", "created_at": "2024-01-11T23:14:42.894Z", "author": 1, "category": 13, "views": 11, "tags": [1, 3, 5, 7, 8, 26, 31]}}, {"model": "blog.post", "pk": 14, "fields": {"title": "Elit Ac Nulla Sed", "content": "Quisque porta #volutpat erat. Quisque erat eros, viverra eget, congue eget, semper rutrum, nulla. Nunc purus. Phasellus in felis. Donec semper sapien a libero. Nam dui. Proin leo odio, porttitor id, consequat in, consequat ut, nulla. Sed accumsan felis. Ut at dolor quis odio consequat varius. Integer ac leo. Pellentesque ultrices mattis odio. Donec vitae nisi. Nam ultrices, libero non #mattis pulvinar, nulla #pede ullamcorper augue, a suscipit nulla elit ac nulla.", "created_at": "2023-07-07T19:17:03.244Z", "author": 2, "category": 4, "views": 7, "tags": [1, 15, 30]}}, {"model": "blog.post", "pk": 15, "fields": {"title": "Morbi Non Lectus Aliquam Sit Amet", "content": "Phasellus sit amet erat. Nulla #tempus. Vivamus in felis eu #sapien cursus vestibulum. Proin eu mi. Nulla ac enim. In tempor, #turpis nec euismod scelerisque, #QuamTurpis adipiscing lorem, vitae mattis nibh ligula nec sem. Duis aliquam convallis nunc. Proin at #turpis a #pede posuere nonummy. Integer non velit. Donec #diam neque, vestibulum eget, vulputate ut, ultrices vel, augue. Vestibulum ante ipsum primis in faucibus orci luctus et ultrices posuere #cubilia Curae; Donec pharetra, magna vestibulum aliquet ultrices, erat tortor sollicitudin mi, sit amet lobortis sapien sapien non mi. Integer ac neque. Duis bibendum.", "created_at": "2023-08-20T08:21:13.165Z", "author": 4, "category": 10, "views": 10, "tags": [1, 2, 3, 7, 8, 28, 29]}}, {"model": "blog.post", "pk": 16, "fields": {"title": "Eros Elementum Pellentesque", "content": "Quisque erat eros, #viverra eget, congue eget, #semper rutrum, nulla. Nunc purus. Phasellus in felis. Donec semper sapien a libero. Nam dui. Proin leo odio, porttitor id, consequat in, consequat ut, nulla. Sed accumsan felis.", "created_at": "2023-11-30T03:59:51.991Z", "author": 5, "category": 11, "views": 21, "tags": [12, 13]}}, {"model": "blog.post", "pk": 17, "fields": {"title": "Tincidunt Eget Tempus Vel Pede Morbi Porttitor", "content": "Vestibulum ante ipsum primis in faucibus orci luctus et ultrices posuere cubilia Curae; Mauris viverra #diam vitae quam. Suspendisse potenti. Nullam porttitor lacus at #turpis. Donec posuere metus vitae ipsum. Aliquam non mauris. Morbi non lectus. Aliquam sit amet #diam in magna bibendum imperdiet. Nullam orci #pede, venenatis non, sodales sed, tincidunt eu, felis. Fusce #posuere felis sed lacus. Morbi sem #mauris, laoreet ut, rhoncus aliquet, pulvinar sed, nisl. Nunc rhoncus dui vel sem.", "created_at": "2024-03-26T18:28:29.341Z", "author": 3, "category": 14, "views": 14, "tags": [1, 3, 7, 17, 27]}}, {"model": "blog.post", "pk": 18, "fields": {"title": "Rhoncus Sed Vestibulum Sit Amet Cursus", "content": "Suspendisse potenti. In eleifend quam a odio. In hac habitasse platea dictumst. Maecenas ut #massa quis augue luctus tincidunt. Nulla mollis molestie lorem. Quisque ut erat. Curabitur gravida nisi at nibh. In hac habitasse platea dictumst. Aliquam augue #quam, sollicitudin vitae, consectetuer eget, rutrum at, lorem. Integer tincidunt ante vel ipsum. Praesent blandit lacinia erat. Vestibulum sed #magna at nunc commodo placerat. Praesent blandit.", "created_at": "2023-12-06T23:17:09.213Z", "author": 1, "category": 7, "views": 7, "tags": [4, 25, 26]}}, {"model": "blog.post", "pk": 19, "fields": {"title": "Mauris Laoreet Ut", "content": "Nam congue, risus semper porta volutpat, quam #pede lobortis ligula, sit amet eleifend #pede #LiberoQuis orci. Nullam molestie nibh in lectus. Pellentesque at nulla. Suspendisse potenti. Cras in purus eu #magna vulputate luctus. Cum sociis natoque penatibus et magnis dis parturient montes, nascetur ridiculus mus. Vivamus vestibulum sagittis sapien. Cum sociis natoque penatibus et magnis dis parturient montes, nascetur ridiculus mus. Etiam vel #augue. Vestibulum rutrum rutrum neque. Aenean auctor gravida sem. Praesent id #massa id nisl venenatis lacinia. Aenean sit amet justo. Morbi ut odio.", "created_at": "2024-03-23T11:45:47.970Z", "author": 3, "category": 5, "views": 16, "tags": [1, 4, 6, 22, 25]}}, {"model": "blog.post", "pk": 20, "fields": {"title": "Id Lobortis Convallis Tortor", "content": "Etiam justo. Etiam pretium iaculis #justo. In hac habitasse platea dictumst. Etiam faucibus cursus urna. Ut tellus. Nulla ut erat id mauris vulputate elementum. #Nullam varius. Nulla facilisi. Cras non velit nec nisi vulputate nonummy.", "created_at": "2024-01-08T04:56:09.845Z", "author": 5, "category": 13, "views": 21, "tags": [23, 24]}}, {"model": "blog.post", "pk": 21, "fields": {"title": "Vestibulum Quam Sapien Varius Ut", "content": "Quisque porta volutpat erat. Quisque erat eros, viverra eget, congue eget, semper rutrum, nulla. Nunc purus. Phasellus in felis. Donec semper sapien a libero. Nam dui. Proin leo odio, porttitor id, consequat in, consequat ut, nulla. Sed accumsan felis. Ut at #dolor quis odio consequat varius. Integer ac leo. Pellentesque ultrices mattis odio. Donec vitae nisi. Nam ultrices, libero non mattis pulvinar, nulla #pede ullamcorper #augue, a suscipit nulla elit ac nulla. Sed vel enim sit amet nunc viverra dapibus.", "created_at": "2024-05-15T00:52:41.559Z", "author": 4, "category": 5, "views": 19, "tags": [1, 21, 22]}}, {"model": "blog.post", "pk": 22, "fields": {"title": "Eu Tincidunt In", "content": "Pellentesque eget nunc. Donec quis orci eget orci vehicula condimentum. Curabitur in libero ut #massa volutpat #convallis. Morbi odio odio, #elementum eu, interdum eu, tincidunt in, leo. Maecenas pulvinar lobortis est. Phasellus sit amet erat. Nulla #tempus. Vivamus in felis eu sapien cursus vestibulum. Proin eu mi.", "created_at": "2024-03-13T17:26:23.914Z", "author": 2, "category": 2, "views": 19, "tags": [2, 4, 9, 20]}}, {"model": "blog.post", "pk": 23, "fields": {"title": "Nulla Tellus In", "content": "In sagittis dui vel nisl. Duis ac nibh. Fusce lacus #purus, aliquet at, feugiat non, #PretiumQuis, lectus. Suspendisse potenti. In eleifend quam a odio. In hac habitasse platea dictumst. Maecenas ut #massa quis augue luctus tincidunt. Nulla mollis molestie lorem.", "created_at": "2023-07-17T15:01:44.986Z", "author": 1, "category": 4, "views": 10, "tags": [4, 5, 19]}}, {"model": "blog.post", "pk": 24, "fields": {"title": "Cursus Vestibulum Proin", "content": "Lorem ipsum dolor sit amet, consectetuer adipiscing elit. Proin interdum #mauris non ligula pellentesque ultrices. Phasellus id sapien in sapien iaculis congue. Vivamus metus arcu, adipiscing molestie, hendrerit at, vulputate #vitae, nisl. Aenean lectus. Pellentesque eget nunc. Donec quis orci eget orci vehicula condimentum. Curabitur in libero ut #massa volutpat convallis. Morbi odio odio, elementum eu, interdum eu, tincidunt in, leo.", "created_at": "2024-02-05T13:59:41.477Z", "author": 2, "category": 10, "views": 17, "tags": [4, 17, 18]}}, {"model": "blog.post", "pk": 25, "fields": {"title": "Justo Lacinia Eget Tincidunt Eget", "content": "Phasellus id sapien in sapien iaculis #congue. Vivamus metus arcu, adipiscing molestie, hendrerit at, vulputate vitae, nisl. Aenean lectus. Pellentesque eget nunc. Donec quis orci eget orci vehicula condimentum. Curabitur in libero ut #massa volutpat convallis. Morbi odio odio, elementum eu, interdum eu, tincidunt in, leo. Maecenas pulvinar lobortis est. Phasellus sit amet erat. #Nulla #tempus. Vivamus in felis eu sapien cursus vestibulum. Proin eu mi.", "created_at": "2023-09-27T13:37:42.931Z", "author": 3, "category": 8, "views": 15, "tags": [2, 4, 11, 16]}}, {"model": "blog.post", "pk": 26, "fields": {"title": "Turpis Sed Ante Vivamus Tortor", "content": "Duis #mattis egestas metus. Aenean fermentum. Donec ut mauris eget #massa tempor convallis. Nulla neque libero, convallis eget, eleifend luctus, ultricies eu, nibh. Quisque id justo sit amet sapien dignissim vestibulum. Vestibulum ante ipsum primis in faucibus orci luctus et ultrices posuere cubilia Curae; Nulla dapibus dolor vel est. Donec odio justo, sollicitudin ut, suscipit a, feugiat et, eros. Vestibulum ac est lacinia nisi venenatis tristique. Fusce congue, #diam id ornare imperdiet, sapien urna pretium nisl, ut volutpat sapien arcu sed augue. Aliquam erat volutpat. In congue. Etiam justo.", "created_at": "2023-11-04T10:33:03.063Z", "author": 5, "category": 11, "views": 12, "tags": [4, 7, 15]}}, {"model": "blog.post", "pk": 27, "fields": {"title": "Cubilia Curae Donec", "content": "Nullam varius. Nulla facilisi. Cras non velit nec nisi vulputate nonummy. Maecenas tincidunt lacus at velit. Vivamus vel nulla eget eros elementum pellentesque. Quisque porta volutpat erat. Quisque erat eros, viverra eget, congue eget, #semper rutrum, nulla. Nunc purus. Phasellus in felis. Donec semper sapien a #libero. Nam dui. Proin leo odio, porttitor id, consequat in, consequat ut, nulla. Sed accumsan felis. Ut at dolor quis odio consequat #varius.", "created_at": "2023-08-30T07:28:12.225Z", "author": 4, "category": 5, "views": 15, "tags": [10, 12, 14]}}, {"model": "blog.post", "pk": 28, "fields": {"title": "Integer Ac Leo", "content": "Proin eu mi. Nulla ac enim. In tempor, #turpis nec euismod scelerisque, #QuamTurpis adipiscing lorem, vitae mattis nibh ligula nec sem. Duis aliquam convallis nunc. Proin at #turpis a #pede posuere nonummy. Integer non velit. Donec #diam neque, vestibulum eget, vulputate ut, ultrices vel, augue.", "created_at": "2023-11-06T11:43:35.467Z", "author": 2, "category": 5, "views": 15, "tags": [1, 3, 7, 8]}}, {"model": "blog.post", "pk": 29, "fields": {"title": "Eleifend Quam A Odio In", "content": "Ut at dolor quis odio consequat varius. Integer ac leo. Pellentesque ultrices mattis odio. Donec vitae nisi. Nam ultrices, libero non mattis pulvinar, #nulla #pede ullamcorper augue, a suscipit nulla elit ac nulla. Sed vel enim sit amet nunc viverra dapibus. Nulla suscipit ligula in lacus. Curabitur at ipsum ac tellus #semper interdum. Mauris ullamcorper purus sit amet nulla. Quisque arcu libero, rutrum ac, lobortis vel, dapibus at, #diam.", "created_at": "2024-02-11T23:18:10.631Z", "author": 2, "category": 11, "views": 19, "tags": [1, 7, 11, 12]}}, {"model": "blog.post", "pk": 30, "fields": {"title": "Venenatis Tristique Fusce Congue", "content": "In quis justo. Maecenas rhoncus aliquam lacus. Morbi quis tortor id nulla ultrices aliquet. Maecenas leo odio, condimentum id, luctus nec, molestie sed, justo. Pellentesque viverra #pede ac #diam. Cras pellentesque volutpat dui. Maecenas tristique, est et #tempus #semper, est quam pharetra magna, ac consequat metus sapien ut nunc. Vestibulum ante ipsum primis in faucibus orci luctus et ultrices posuere cubilia Curae; Mauris #viverra #diam vitae quam. Suspendisse potenti. Nullam porttitor lacus at #turpis. Donec posuere metus vitae ipsum.", "created_at": "2023-09-24T17:55:05.657Z", "author": 3, "category": 4, "views": 18, "tags": [1, 2, 3, 7, 12, 13]}}, {"model": "blog.post", "pk": 31, "fields": {"title": "Nonummy Integer Non Velit Donec Diam", "content": "Maecenas tincidunt lacus at velit. Vivamus vel nulla eget eros #elementum pellentesque. Quisque porta volutpat erat. Quisque erat eros, viverra eget, congue eget, semper rutrum, nulla. Nunc purus. Phasellus in felis. Donec semper sapien a #libero. Nam dui. Proin leo odio, porttitor id, consequat in, consequat ut, #nulla. Sed accumsan felis. Ut at dolor quis odio consequat varius. Integer ac leo.", "created_at": "2023-08-10T19:15:18.150Z", "author": 1, "category": 3, "views": 10, "tags": [9, 10, 11]}}, {"model": "blog.category", "pk": 1, "fields": {"name": "Shoes"}}, {"model": "blog.category", "pk": 2, "fields": {"name": "Grocery"}}, {"model": "blog.category", "pk": 3, "fields": {"name": "Outdoors"}}, {"model": "blog.category", "pk": 4, "fields": {"name": "Automotive"}}, {"model": "blog.category", "pk": 5, "fields": {"name": "Beauty"}}, {"model": "blog.category", "pk": 6, "fields": {"name": "Clothing"}}, {"model": "blog.category", "pk": 7, "fields": {"name": "Books"}}, {"model": "blog.category", "pk": 8, "fields": {"name": "Jewelry"}}, {"model": "blog.category", "pk": 9, "fields": {"name": "Grocery"}}, {"model": "blog.category", "pk": 10, "fields": {"name": "Sports"}}, {"model": "blog.category", "pk": 11, "fields": {"name": "Games"}}, {"model": "blog.category", "pk": 12, "fields": {"name": "Electronics"}}, {"model": "blog.category", "pk": 13, "fields": {"name": "Computers"}}, {"model": "blog.category", "pk": 14, "fields": {"name": "Beauty"}}, {"model": "blog.category", "pk": 15, "fields": {"name": "Garden"}}, {"model": "blog.tag", "pk": 1, "fields": {"name": "pede"}}, {"model": "blog.tag", "pk": 2, "fields": {"name": "tempus"}}, {"model": "blog.tag", "pk": 3, "fields": {"name": "turpis"}}, {"model": "blog.tag", "pk": 4, "fields": {"name": "massa"}}, {"model": "blog.tag", "pk": 5, "fields": {"name": "pretium-quis"}}, {"model": "blog.tag", "pk": 6, "fields": {"name": "libero-quis"}}, {"model": "blog.tag", "pk": 7, "fields": {"name": "diam"}}, {"model": "blog.tag", "pk": 8, "fields": {"name": "quam-turpis"}}, {"model": "blog.tag", "pk": 9, "fields": {"name": "elementum"}}, {"model": "blog.tag", "pk": 10, "fields": {"name": "libero"}}, {"model": "blog.tag", "pk": 11, "fields": {"name": "nulla"}}, {"model": "blog.tag", "pk": 12, "fields": {"name": "semper"}}, {"model": "blog.tag", "pk": 13, "fields": {"name": "viverra"}}, {"model": "blog.tag", "pk": 14, "fields": {"name": "varius"}}, {"model": "blog.tag", "pk": 15, "fields": {"name": "mattis"}}, {"model": "blog.tag", "pk": 16, "fields": {"name": "congue"}}, {"model": "blog.tag", "pk": 17, "fields": {"name": "mauris"}}, {"model": "blog.tag", "pk": 18, "fields": {"name": "vitae"}}, {"model": "blog.tag", "pk": 19, "fields": {"name": "purus"}}, {"model": "blog.tag", "pk": 20, "fields": {"name": "convallis"}}, {"model": "blog.tag", "pk": 21, "fields": {"name": "dolor"}}, {"model": "blog.tag", "pk": 22, "fields": {"name": "augue"}}, {"model": "blog.tag", "pk": 23, "fields": {"name": "justo"}}, {"model": "blog.tag", "pk": 24, "fields": {"name": "nullam"}}, {"model": "blog.tag", "pk": 25, "fields": {"name": "magna"}}, {"model": "blog.tag", "pk": 26, "fields": {"name": "quam"}}, {"model": "blog.tag", "pk": 27, "fields": {"name": "posuere"}}, {"model": "blog.tag", "pk": 28, "fields": {"name": "sapien"}}, {"model": "blog.tag", "pk": 29, "fields": {"name": "cubilia"}}, {"model": "blog.tag", "pk": 30, "fields": {"name": "volutpat"}}, {"model": "blog.tag", "pk": 31, "fields": {"name": "vestibulum"}}, {"model": "blog.tag", "pk": 32, "fields": {"name": "fermentum"}}, {"model": "blog.tag", "pk": 33, "fields": {"name": "tempor"}}, {"model": "blog.tag", "pk": 34, "fields": {"name": "venenatis"}}, {"model": "blog.tag", "pk": 35, "fields": {"name": "morbi"}}, {"model": "blog.tag", "pk": 36, "fields": {"name": "vivamus"}}, {"model": "blog.tag", "pk": 37, "fields": {"name": "ipsum"}}, {"model": "blog.tag", "pk": 38, "fields": {"name": "blandit"}}, {"model": "blog.tag", "pk": 39, "fields": {"name": "dictumst"}}, {"model": "blog.tag", "pk": 40, "fields": {"name": "gravida"}}, {"model": "blog.tag", "pk": 41, "fields": {"name": "imperdiet"}}, {"model": "blog.tag", "pk": 42, "fields": {"name": "rutrum"}}, {"model": "blog.tag", "pk": 43, "fields": {"name": "neque"}}, {"model": "blog.tag", "pk": 44, "fields": {"name": "luctus"}}, {"model": "blog.tag", "pk": 45, "fields": {"name": "dapibus"}}]